id,fid
ss,dddd
ss,dddd
ss,
ss,dddd
ss,dddd
ss,dddd
ss,dddd
ss,dddd
ss,dddd
ss,dddd
ss,dddd
ss,dddd
ss,
ss,dddd
sf,dddd
,dddd
gsg,dddd
gsg,dddd
s,dddd
gsg,
gsg,dddd
gsg,dddd
sg,dddd
sg,dddd
sg,dddd
sg,dddd
s,dddd
gsg,dddd
gsg,dddd
gsg,dddd
gsg,dddd
sg,dddd
sg,dddd
s,
gsg,dddd
gsg,dddd
sg,dddd
sg,dddd
sg,dddd
sg,dddd
s,dddd
gsg,
sg,dddd
sg,dddd
sg,dddd
sg,
sg,dddd
s,dddd
gsg,dddd
sg,dddd
sg,dddd
s,dddd
gsg,dddd
gsg,dddd
sg,
sg,dddd
sg,dddd
sg,dddd
sg,dddd
,dddd
sg,dddd
sg,dddd
sg,dddd
sg,dddd
g,dddd
sg,dddd
sg,dddd
sg,
sg,dddd
g,dddd
sg,dddd
sg,dddd
g,dddd
sg,
gs,dddd
g,dddd
sg,dddd
sg,dddd
gs,dddd
g,dddd
sg,dddd
sg,dddd
g,dddd
sgs,dddd
g,dddd
s,dddd
gs,dddd
g,dddd
sg,dddd
sd,dddd
g,
sdg,dddd
sd,dddd
gd,dddd
sg,
sg,dddd
s,dddd
d,dddd
gs,dddd
gs,
d,dddd
gs,dddd
gs,dddd
g,dddd
s,dddd
gs,dddd
g,dddd
sg,dddd
s,
gs,dddd
g,dddd
sg,dddd
sg,dddd
s,dddd
gs,dddd
g,dddd
sg,
g,dddd
s,dddd
g,dddd
s,dddd
ds,dddd
g,
sdg,dddd
sd,dddd
gs,dddd
gs,dddd
dg,dddd
sd,dddd
gs,dddd
dg,dddd
dg,
s,dddd
gs,dddd
g,dddd
sg,dddd
sg,dddd
s,dddd
g,dddd
sg,dddd
,dddd
gs,dddd
gs,dddd
gs,dddd
sg,dddd
gs,dddd
sg,
sg,dddd
gs,dddd
gs,dddd
gs,dddd
sg,dddd
gs,dddd
sg,dddd
,dddd
gs,
gs,dddd
s,dddd
gs,dddd
gs,dddd
gs,dddd
gs,dddd
,dddd
b,dddd
c,
c,dddd
,dddd
c,dddd
we,dddd
s,dddd
vs,dddd
d,dddd
d,dddd
gs,dddd
gs,
sg,dddd
sg,dddd
sg,dddd
,dddd
sg,dddd
sg,dddd
sg,dddd
g,dddd
g,dddd
sg,dddd
gsg,dddd
sz,dddd
,dddd
g,dddd
g,dddd
f,dddd
c,dddd
d,dddd
dd,dddd
,dddd
d,dddd
d,
d,dddd
s,dddd
fs,dddd
fs,dddd
sf,dddd
sf,
sf,
s,
fs,
sf,
sf,
d,
fs,s
sr,s
,
r,s
sd,s
f,s
sf,s
s,s
fs,s
f,s
sf,
sf,s
sf,s
s,s
f,s
sf,s
fs,s
sf,
sf,s
s,s
f,s
sg,s
sg,s
sg,s
s,s
ggs,sr
s,s
ggs,r
sg,s
sg,s
s,s
ggs,s
sg,s
gs,s
gs,s
,s
sg,f
gs,f
gs,f
sg,f
sg,
gs,f
gs,f
gs,f
,f
g,f
gs,
,f
,f
sg,f
sg,f
,f
gs,f
sg,f
gs,d
gs,s
sg,s
sg,
,s
sg,s
g,s
sg,ss
sg,sa
sg,sa
g,
g,sa
sg,asas
gs,sa
gs,a
g,sa
sg,a
gs,s
gs,dd
gs,df
gs,df
gs,
g,df
sg,df
gs,df
g,df
sg,df
gs,fd
gs,s
gs,sdf
g,fs
gs,fs
sg,fs
gs,s
g,s
gs,df
